{"Vehicle_Accel_Lateral": 0.12, "Vehicle_Accel_Longitudinal": 0.10200000000000001, "Vehicle_Accel_Vertical": 0.12, "Vehicle_Yaw_Rate": 9.9, "Timestamp": 1684759840.6897643}