{"Differential_Temperature_Front": [1673992350.4425259, 1799.0], "Differential_Temperature_Centre": [1673992350.4425259, 826.2], "Differential_Temperature_Rear": [1673992350.4425259, 1795.2], "Steering_Temperature": [1673992350.4425259, 1233.6000000000001], "Exhaust_Pressure_Bank_1": [1673992350.452513, 1415.0], "Exhaust_Pressure_Bank_2": [1673992350.452513, 826.2], "Engine_Crank_Case_Pressure": [1673992350.452513, 1795.2], "Alternator_Current": [1673992350.452513, 141.5], "Knock_Threshold": [1673992350.4621298, 1233.6000000000001], "Logging_System_1_Used": [1673992350.4621298, 824.0], "Vehicle_Speed_Limit": [1673992350.4621298, 1232.0], "Launch_Engine_Speed": [1673992350.4621298, 12339], "Engine_Speed": [1673992351.2077491, 12336], "Inlet_Manifold_Pressure": [1673992351.2077491, 824.0], "Inlet_Air_Temperature": [1673992351.2077491, 1232.0], "Throttle_Position": [1673992351.2077491, 1233.6000000000001], "Fuel_Volume": [1673992351.218069, 12336], "Fuel_Mixture_Aim": [1673992351.218069, 82.4], "Fuel_Pressure_Sensor": [1673992351.218069, 1232.0], "Fuel_Injector_Primary_Duty_Cycle": [1673992351.218069, 48], "Engine_Efficiency": [1673992351.218069, 48], "Throttle_Pedal": [1673992351.228044, 1233.6000000000001], "Engine_Load": [1673992351.228044, 8240], "Ignition_Timing": [1673992351.228044, 1232.0], "Fuel_Timing_Primary": [1673992351.228045, 1233.6000000000001], "Ignition_Cylinder_1_Knock_Level": [1673992351.237897, 70], "Ignition_Cylinder_2_Knock_Level": [1673992351.237897, 70], "Ignition_Cylinder_3_Knock_Level": [1673992351.237897, 32], "Ignition_Cylinder_4_Knock_Level": [1673992351.237897, 70], "Ignition_Cylinder_5_Knock_Level": [1673992351.2378979, 70], "Ignition_Cylinder_6_Knock_Level": [1673992351.2378979, 32], "Ignition_Cylinder_7_Knock_Level": [1673992351.2378979, 70], "Ignition_Cylinder_8_Knock_Level": [1673992351.2378979, 70], "Fuel_Injector_Sec_Contribution": [1673992351.247945, 1233.6000000000001], "Fuel_Timing_Secondary": [1673992351.247945, 824.0], "Fuel_Injector_Duty_Cycle_Secdry": [1673992351.247945, 48], "Brake_Pressure_Front": [1673992351.2581198, 141.5], "Brake_Pressure_Rear": [1673992351.2581198, 82.62], "Coolant_Pressure": [1673992351.2581198, 1795.2], "Steering_Pressure": [1673992351.2581198, 1233.6000000000001], "Steering_Angle": [1673992351.268269, 1415.0], "Inlet_Mass_Flow": [1673992351.268269, 826.2], "Airbox_Mass_Flow": [1673992351.268269, 1795.2], "Fuel_Flow": [1673992351.26827, 123.36], "Fuel_Injector_Primary_Pressure": [1673992351.2782998, 1259.7], "Fuel_Injector_Secondary_Pressure": [1673992351.2782998, 824.6], "Gear_Input_Shaft_Speed": [1673992351.2782998, 12320], "Gear_Output_Shaft_Speed": [1673992351.2782998, 14150], "Vehicle_Accel_Lateral": [1673992351.288106, 14.15], "Vehicle_Accel_Longitudinal": [1673992351.288106, 8.262], "Vehicle_Accel_Vertical": [1673992351.288106, 17.952], "Vehicle_Yaw_Rate": [1673992351.288106, 1415.0], "Ignition_Cylinder_9_Knock_Level": [1673992351.42959, 70], "Ignition_Cylinder_10_Knock_Level": [1673992351.42959, 70], "Ignition_Cylinder_11_Knock_Level": [1673992351.42959, 32], "Ignition_Cylinder_12_Knock_Level": [1673992351.42959, 70], "Vehicle_Speed": [1673992351.42959, 1795.2], "Ignition_Output_Cut_Count": [1673992351.441705, 48], "Fuel_Output_Cut_Count": [1673992351.441705, 48], "Ignition_Output_Cut_Average": [1673992351.441705, 32], "Fuel_Output_Cut_Average": [1673992351.441705, 48], "Fuel_Cyl_1_Prim_Output_Pls_Wdth": [1673992351.441706, 4.800000000000001], "Ignition_Timing_State": [1673992351.441706, 2], "Ignition_Cut_State": [1673992351.441706, 0], "Engine_Oil_Pressure": [1673992351.441706, 1233.6000000000001], "Boost_Pressure": [1673992351.452136, 1415.0], "Boost_Aim": [1673992351.452137, 826.2], "Boost_Actuator_Output_Duty_Cycle": [1673992351.452137, 48], "Gear_Lever_Force_Sensor": [1673992351.452137, 240], "Inlet_Camshaft_Aim": [1673992351.462453, 1233.6000000000001], "Inlet_Camshaft_Bank_1_Position": [1673992351.462453, 824.0], "Inlet_Camshaft_Bank_2_Position": [1673992351.462454, 1232.0], "Inlet_Cam_Bk_1_Output_Duty_Cycle": [1673992351.462454, 55], "Inlet_Cam_Bk_2_Output_Duty_Cycle": [1673992351.462454, 70], "Exhaust_Camshaft_Aim": [1673992351.4724648, 1233.6000000000001], "Exhaust_Camshaft_Bank_1_Position": [1673992351.4724648, 824.0], "Exhaust_Camshaft_Bank_2_Position": [1673992351.4724648, 1232.0], "Exh_Cam_Bk_1_Output_Duty_Cycle": [1673992351.4724648, 55], "Exh_Cam_Bk_2_Output_Duty_Cycle": [1673992351.4724648, 70], "Wheel_Speed_Front_Left": [1673992351.482808, 1233.6000000000001], "Wheel_Speed_Front_Right": [1673992351.482808, 824.0], "Wheel_Speed_Rear_Left": [1673992351.482808, 1232.0], "Wheel_Speed_Rear_Right": [1673992351.482808, 1233.6000000000001], "Alternative_Fuel_Mode": [1673992351.4931788, 3], "Fuel_Composition_Sensor_Diag": [1673992351.4931798, 1], "Alt_Fuel_Timing_Primary_Blend": [1673992351.4931798, 48], "Alt_Fuel_Timing_Secondary_Blend": [1673992351.4931798, 32], "Alt_Fuel_Ignition_Timing_Blend": [1673992351.4931798, 48], "Alt_Fuel_Mixture_Aim_Blend": [1673992351.4931798, 48], "Fuel_Composition": [1673992351.4931798, 32], "Alt_Fuel_Ignition_Timing": [1673992351.4931798, 24.0], "Alt_Fuel_Timing_Primary": [1673992351.505536, 1796.8000000000002], "Alt_Fuel_Timing_Secondary": [1673992351.505536, 824.6], "Alt_Fuel_Mixture_Aim": [1673992351.505536, 123.2], "Alt_Fuel_Pressure_Sensor": [1673992350.9803789, 1233.6000000000001], "Alt_Fuel_Temperature": [1673992350.9803789, -8], "Alt_Fuel_Contribution_Efficiency": [1673992350.9803789, 48], "Alt_Fuel_Pump_State": [1673992350.9803789, 3], "Alt_Fuel_Pressure_Warning": [1673992350.9803789, 0], "Alt_Fuel_Pump_On": [1673992350.9803789, 0], "Engine_Speed_PDM": [1673992350.99051, 4800], "Throttle_Position_PDM": [1673992350.99051, 48], "Vehicle_Speed_PDM": [1673992350.99051, 32], "Coolant_Temperature_PDM": [1673992350.99051, 54], "Engine_Oil_Temperature_PDM": [1673992350.99051, 52], "Fuel_Temperature_PDM": [1673992350.99051, 32], "Transmission_Temperature_PDM": [1673992350.99051, 48], "Differential_Temperature_PDM": [1673992350.99051, 48], "Fuel_Pressure_PDM": [1673992351.000442, 500], "Steering_Angle_PDM": [1673992351.000442, 824.0], "Engine_Run_Switch": [1673992351.000442, 0], "Pit_Switch": [1673992351.000442, 0], "Clutch_State": [1673992351.000442, 1], "Clutch_Switch": [1673992351.000442, 1], "Neutral_Switch": [1673992351.000442, 0], "Brake_State": [1673992351.000442, 0], "Warning_Source_PDM": [1673992351.000443, 0], "Engine_State_PDM": [1673992351.000443, 0], "Driver_Switch_2": [1673992351.000443, 0], "Driver_Switch_1": [1673992351.000443, 0], "PDM_Byte_0_Mask_80": [1673992351.010944, 0], "PDM_Byte_0_Mask_40": [1673992351.010944, 0], "PDM_Byte_0_Mask_20": [1673992351.010944, 1], "PDM_Byte_0_Mask_10": [1673992351.010944, 1], "PDM_Byte_0_Mask_08": [1673992351.010944, 0], "PDM_Byte_0_Mask_04": [1673992351.010944, 0], "PDM_Byte_0_Mask_02": [1673992351.010944, 0], "PDM_Byte_0_Mask_01": [1673992351.010944, 0], "PDM_Byte_1_Mask_80": [1673992351.010944, 0], "PDM_Byte_1_Mask_40": [1673992351.010944, 0], "PDM_Byte_1_Mask_20": [1673992351.010945, 1], "PDM_Byte_1_Mask_10": [1673992351.010945, 1], "PDM_Byte_1_Mask_08": [1673992351.010945, 0], "PDM_Byte_1_Mask_04": [1673992351.010945, 0], "PDM_Byte_1_Mask_02": [1673992351.010945, 0], "PDM_Byte_1_Mask_01": [1673992351.010945, 0], "PDM_Byte_2_Mask_80": [1673992351.010945, 0], "PDM_Byte_2_Mask_40": [1673992351.010945, 0], "PDM_Byte_2_Mask_20": [1673992351.010945, 1], "PDM_Byte_2_Mask_10": [1673992351.010945, 0], "PDM_Byte_2_Mask_08": [1673992351.010946, 0], "PDM_Byte_2_Mask_04": [1673992351.010946, 0], "PDM_Byte_2_Mask_02": [1673992351.010946, 0], "PDM_Byte_2_Mask_01": [1673992351.010946, 0], "Coolant_Temperature": [1673992350.1425438, 10], "Engine_Oil_Temperature": [1673992350.1425438, 16], "Fuel_Temperature": [1673992350.142545, -8], "Ambient_Temperature": [1673992350.142545, 10], "Airbox_Temperature": [1673992350.142545, 16], "ECU_Battery_Voltage": [1673992350.142545, 3.2],