{"Engine_Speed": [1678753243.2817469, 12336], "Inlet_Manifold_Pressure": [1678753243.2817469, 824.0], "Inlet_Air_Temperature": [1678753243.2817469, 1232.0], "Throttle_Position": [1678753243.2817469, 1233.6000000000001], "Fuel_Volume": [1678753243.2371042, 12336], "Fuel_Mixture_Aim": [1678753243.2371042, 82.4], "Fuel_Pressure_Sensor": [1678753243.2371042, 1232.0], "Fuel_Injector_Primary_Duty_Cycle": [1678753243.237105, 48], "Engine_Efficiency": [1678753243.237105, 48], "Ignition_Cylinder_1_Knock_Level": [1678753243.238688, 70], "Ignition_Cylinder_2_Knock_Level": [1678753243.238689, 70], "Ignition_Cylinder_3_Knock_Level": [1678753243.238689, 32], "Ignition_Cylinder_4_Knock_Level": [1678753243.238689, 70], "Ignition_Cylinder_5_Knock_Level": [1678753243.238689, 70], "Ignition_Cylinder_6_Knock_Level": [1678753243.238689, 32], "Ignition_Cylinder_7_Knock_Level": [1678753243.238689, 70], "Ignition_Cylinder_8_Knock_Level": [1678753243.238689, 70], "Throttle_Pedal": [1678753243.23781, 1233.6000000000001], "Engine_Load": [1678753243.23781, 8240], "Ignition_Timing": [1678753243.23781, 1232.0], "Fuel_Timing_Primary": [1678753243.23781, 1233.6000000000001], "Fuel_Injector_Sec_Contribution": [1678753243.2395048, 1233.6000000000001], "Fuel_Timing_Secondary": [1678753243.239506, 824.0], "Fuel_Injector_Duty_Cycle_Secdry": [1678753243.239506, 48], "Brake_Pressure_Front": [1678753243.240505, 141.5], "Brake_Pressure_Rear": [1678753243.240505, 82.62], "Coolant_Pressure": [1678753243.240505, 1795.2], "Steering_Pressure": [1678753243.2405062, 1233.6000000000001], "Steering_Angle": [1678753243.241361, 1415.0], "Inlet_Mass_Flow": [1678753243.241361, 826.2], "Airbox_Mass_Flow": [1678753243.241361, 1795.2], "Fuel_Flow": [1678753243.241361, 123.36], "Fuel_Injector_Primary_Pressure": [1678753243.242097, 1259.7], "Fuel_Injector_Secondary_Pressure": [1678753243.242097, 824.6], "Gear_Input_Shaft_Speed": [1678753243.242097, 12320], "Gear_Output_Shaft_Speed": [1678753243.242097, 14150], "Vehicle_Accel_Lateral": [1678753243.24283, 14.15], "Vehicle_Accel_Longitudinal": [1678753243.24283, 8.262], "Vehicle_Accel_Vertical": [1678753243.24283, 17.952], "Vehicle_Yaw_Rate": [1678753243.24283, 1415.0], "Ignition_Cylinder_9_Knock_Level": [1678753243.2435699, 70], "Ignition_Cylinder_10_Knock_Level": [1678753243.2435699, 70], "Ignition_Cylinder_11_Knock_Level": [1678753243.2435699, 32], "Ignition_Cylinder_12_Knock_Level": [1678753243.2435699, 70], "Vehicle_Speed": [1678753243.2435699, 1795.2], "Ignition_Output_Cut_Count": [1678753243.0318851, 48], "Fuel_Output_Cut_Count": [1678753243.0318851, 48], "Ignition_Output_Cut_Average": [1678753243.031886, 32], "Fuel_Output_Cut_Average": [1678753243.031886, 48], "Fuel_Cyl_1_Prim_Output_Pls_Wdth": [1678753243.031886, 4.800000000000001], "Ignition_Timing_State": [1678753243.031886, 2], "Ignition_Cut_State": [1678753243.031886, 0], "Engine_Oil_Pressure": [1678753243.031886, 1233.6000000000001], "Boost_Pressure": [1678753243.032877, 1415.0], "Boost_Aim": [1678753243.032877, 826.2], "Boost_Actuator_Output_Duty_Cycle": [1678753243.032877, 48], "Gear_Lever_Force_Sensor": [1678753243.0328782, 240], "Inlet_Camshaft_Aim": [1678753243.033615, 1233.6000000000001], "Inlet_Camshaft_Bank_1_Position": [1678753243.033615, 824.0], "Inlet_Camshaft_Bank_2_Position": [1678753243.033615, 1232.0], "Inlet_Cam_Bk_1_Output_Duty_Cycle": [1678753243.033615, 55], "Inlet_Cam_Bk_2_Output_Duty_Cycle": [1678753243.0336158, 70], "Exhaust_Camshaft_Aim": [1678753243.034546, 1233.6000000000001], "Exhaust_Camshaft_Bank_1_Position": [1678753243.034546, 824.0], "Exhaust_Camshaft_Bank_2_Position": [1678753243.034546, 1232.0], "Exh_Cam_Bk_1_Output_Duty_Cycle": [1678753243.034546, 55], "Exh_Cam_Bk_2_Output_Duty_Cycle": [1678753243.034546, 70], "Wheel_Speed_Front_Left": [1678753243.035315, 1233.6000000000001], "Wheel_Speed_Front_Right": [1678753243.035315, 824.0], "Wheel_Speed_Rear_Left": [1678753243.035316, 1232.0], "Wheel_Speed_Rear_Right": [1678753243.035316, 1233.6000000000001], "Alternative_Fuel_Mode": [1678753243.036136, 3], "Fuel_Composition_Sensor_Diag": [1678753243.036136, 1], "Alt_Fuel_Timing_Primary_Blend": [1678753243.036136, 48], "Alt_Fuel_Timing_Secondary_Blend": [1678753243.036136, 32], "Alt_Fuel_Ignition_Timing_Blend": [1678753243.036136, 48], "Alt_Fuel_Mixture_Aim_Blend": [1678753243.036136, 48], "Fuel_Composition": [1678753243.036136, 32], "Alt_Fuel_Ignition_Timing": [1678753243.036136, 24.0], "Alt_Fuel_Timing_Primary": [1678753243.036822, 1796.8000000000002], "Alt_Fuel_Timing_Secondary": [1678753243.036822, 824.6], "Alt_Fuel_Mixture_Aim": [1678753243.036822, 123.2], "Alt_Fuel_Pressure_Sensor": [1678753243.03749, 1233.6000000000001], "Alt_Fuel_Temperature": [1678753243.03749, -8], "Alt_Fuel_Contribution_Efficiency": [1678753243.03749, 48], "Alt_Fuel_Pump_State": [1678753243.0374908, 3], "Alt_Fuel_Pressure_Warning": [1678753243.0374908, 0], "Alt_Fuel_Pump_On": [1678753243.0374908, 0], "Engine_Speed_PDM": [1678753243.039396, 4800], "Throttle_Position_PDM": [1678753243.039396, 48], "Vehicle_Speed_PDM": [1678753243.039396, 32], "Coolant_Temperature_PDM": [1678753243.039396, 54], "Engine_Oil_Temperature_PDM": [1678753243.039396, 52], "Fuel_Temperature_PDM": [1678753243.039396, 32], "Transmission_Temperature_PDM": [1678753243.039397, 48], "Differential_Temperature_PDM": [1678753243.039397, 48], "Fuel_Pressure_PDM": [1678753243.04377, 500], "Steering_Angle_PDM": [1678753243.0437708, 824.0], "Engine_Run_Switch": [1678753243.0437708, 0], "Pit_Switch": [1678753243.0437708, 0], "Clutch_State": [1678753243.0437708, 1], "Clutch_Switch": [1678753243.043772, 1], "Neutral_Switch": [1678753243.043772, 0], "Brake_State": [1678753243.043772, 0], "Warning_Source_PDM": [1678753243.043772, 0], "Engine_State_PDM": [1678753243.043772, 0], "Driver_Switch_2": [1678753243.043772, 0], "Driver_Switch_1": [1678753243.043772, 0], "PDM_Byte_0_Mask_80": [1678753243.0482519, 0], "PDM_Byte_0_Mask_40": [1678753243.0482528, 0], "PDM_Byte_0_Mask_20": [1678753243.0482528, 1], "PDM_Byte_0_Mask_10": [1678753243.0482528, 1], "PDM_Byte_0_Mask_08": [1678753243.0482528, 0], "PDM_Byte_0_Mask_04": [1678753243.0482528, 0], "PDM_Byte_0_Mask_02": [1678753243.0482528, 0], "PDM_Byte_0_Mask_01": [1678753243.0482528, 0], "PDM_Byte_1_Mask_80": [1678753243.048254, 0], "PDM_Byte_1_Mask_40": [1678753243.048254, 0], "PDM_Byte_1_Mask_20": [1678753243.048254, 1], "PDM_Byte_1_Mask_10": [1678753243.048254, 1], "PDM_Byte_1_Mask_08": [1678753243.048254, 0], "PDM_Byte_1_Mask_04": [1678753243.048254, 0], "PDM_Byte_1_Mask_02": [1678753243.048254, 0], "PDM_Byte_1_Mask_01": [1678753243.048254, 0], "PDM_Byte_2_Mask_80": [1678753243.048254, 0], "PDM_Byte_2_Mask_40": [1678753243.048254, 0], "PDM_Byte_2_Mask_20": [1678753243.048255, 1], "PDM_Byte_2_Mask_10": [1678753243.048255, 0], "PDM_Byte_2_Mask_08": [1678753243.048255, 0], "PDM_Byte_2_Mask_04": [1678753243.048255, 0], "PDM_Byte_2_Mask_02": [1678753243.048255, 0], "PDM_Byte_2_Mask_01": [1678753243.048255, 0], "Coolant_Temperature": [1678753242.885254, 10], "Engine_Oil_Temperature": [1678753242.885254, 16], "Fuel_Temperature": [1678753242.885254, -8], "Ambient_Temperature": [1678753242.885254, 10], "Airbox_Temperature": [1678753242.8852549, 16], "ECU_Battery_Voltage": [1678753242.8852549, 3.2], "Fuel_Used": [1678753242.8852549, 133.61], "Exhaust_Temperature": [1678753242.887357, 1233.6000000000001], "Engine_Load_Average": [1678753242.887357, 824.0], "Engine_Speed_Limit": [1678753242.887357, 17952], "Ambient_Pressure": [1678753242.887357, 1233.6000000000001], "Ignition_Cyl_1_Trim_Knock": [1678753242.8941271, 4.800000000000001], "Ignition_Cyl_2_Trim_Knock": [1678753242.894128, 4.800000000000001], "Ignition_Cyl_3_Trim_Knock": [1678753242.894128, 3.2], "Ignition_Cyl_4_Trim_Knock": [1678753242.894128, 4.800000000000001], "Ignition_Cyl_5_Trim_Knock": [1678753242.894128, 4.800000000000001], "Ignition_Cyl_6_Trim_Knock": [1678753242.894128, 3.2],